PARK_NAME,ADDRESS
Barrington School Park,"9306 Glenn Ln., Austin, Texas 78753"
Cherry Creek Neighborhood Park,"3403 Silk Oak Dr., Austin, Texas 78748"
Dick Nichols District Park,"8011 Beckett Rd., Austin, Texas 78749"
Gilbert-Davis Tract,"5512 Shoal Creek Blvd., Austin, Texas 78731"
Brownie Pocket Park,"10000 Brownie Dr., Austin, Texas 78753"
Houston School Park,"5506 Tallow Tree Dr., Austin, Texas 78744"
Odom School Park,"1001 Sahara Ave., Austin, Texas 78745"
St. Elmo School Park,"4312 S 1st St., Austin, Texas 78745"
Big Walnut Creek Nature Preserve,"9221 E US 290 Hwy EB, Austin, Texas 78724"
Deer Park at Maple Run Preserve,"4929 Davis Ln., Austin, Texas 78749"
Mayfield House,"3805 W 35th St., Austin, Texas 78703"
Little Stacy Neighborhood Park,"1500 Alameda Dr., Austin, Texas 78704"
Butler Shores at Town Lake Metro Park,"200 S Lamar Blvd., Austin, Texas, 78704"
Austin Recreation Center,"1301 Shoal Creek Blvd., Austin, Texas 78701"
Caswell Tennis Center,"2312 Shoal Creek Blvd., Austin, Texas 78705"
Forest North Neighborhood Park,"13320 Lyndhurst St., Austin, Texas 78729"
Heritage Oaks Neighborhood Park,"2100 Parker Ln., Austin, Texas 78741"
Metz Neighborhood Park,"2407 Canterbury St., Austin, Texzas 78702"
Nicholas Dawson Neighborhood Park,"704 W James St., Austin, Texas 78704"
Dougherty Arts Center,"1110 Barton Springs Rd., Austin, Texas 78704"
Civitan Neighborhood Park,"513 Vargas Rd., Austin, Texas 78741"
Millennium Center,"1156 Hargrave St., Austin, Texas 78702"
Roy G. Guerrero Colorado River Metro Park,"400 Grove Blvd., Austin, Texas 78741"
Boggy Creek Greenbelt,"1114 Nile St., Austin, Texas, 78702"
Colorado River Park WIldlife Sanctuary,"5827 Levander Loop, Austin, Texas 78702"
International Shores at Town Lake Metro Park,"1800 S Lakeshore Blvd., Austin, Texas 78741"
Old San Antonio Park,"12110 Old San Antonio Rd., Austin, Texas 78652"
Onion Creek Wildlife Sanctuary,"4435 E SH 71, Austin, Texas 78617"
Ron Rigsby Pocket Park,"1110 Little Elm Park, Austin, Texas 78758"
Westenfield Neighborhood Park,"2008 Enfield Rd., Austin, Texas 78703"
Waller Beach at Town Lake Metro Park,"30 East Ave., Austin, Texas 78701"
Hartford Triangle,"1605 Ethridge Ave., Austin, Texas 78703"
Holly Shores at Town Lake Metro Park,"2711 Canterbury St., Austin, Texas 78702"
Grand Meadow Neighborhood Park,"8022 Thaxton Dr., Austin, Texas 78747"
Shoal Beach at Town Lake Metro Park,"707 W Cesar Chavez St., Austin, Texas 78701"
Walnut Creek Metro Park,"12138 N Lamar Blvd, Austin, Texas 78758"
Bartholomew District Park,"5201 Berkman Dr., Austin, Texas 78723"
Heath Eiland and Morgan Moss BMX Skate Park,"1213 Shoal Creek Blvd., Austin, Texas 78701"
Mountain View Neighborhood Park,"9000 Middlebie Rd., Austin, Texas 78750"
Perry Neighborhood Park,"4800 Fairview Dr., Austin, Texas 78731"
Pickfair Pocket Park,"10904 Pickfair Dr., Austin, Texas 78750"
St. John's Pocket Park,"889 Wilks Ave., Austin, Texas 78752"
Yates Pocket Park,"6015 Felix Ave., Austin, Texas 78741"
Legend Oaks Neighborhood Park,"7724 Escarpment Blvd., Austin, Texas 78749"
Springdale Neighborhood Park,"1175 Nickols Ave., Austin, Texas 78721"
Shinoak Valley Greenbelt,"3900 Dry Creek Dr., Austin, Texas 78731"
Stratford Overlook Greenbelt,"3006 Stratford Dr., Austin, Texas 78746"
Dove Springs District Park,"5801 Ainez Dr., Austin, Texas 78744"
Jimmy Clay Golf Course,"5400 Jimmy Clay Dr., Austin, Texas 78744"
Lott Pocket Park,"1180 Curve St., Austin, Texas 78702"
Colony District Park,"7400 Loyola Ln., Austin, Texas 78724"
Tom Lasseter-South Lamar Neighborhood Park,"3000 Del Curto Rd., Austin, Texas 78704"
"Burnett ""Blondie"" Pharr Tennis Center","4201 Brookview Rd. Austin, Texas 78722"
Emma Long Metro Park,"1600 City Park Rd., Austin, Texas 78730"
Georgian Acres Neighborhood Park,"500 E Powell Ln., Austin, Texas 78753"
Lucy Read School Park,"7509 Silvercrest Dr., Austin, Texas 78757"
South Park Meadows Greenbelt,"10003 S 1st St., Austin, Texas 78748"
Oakhill Neighborhood Park,"5408 Southwest Pkwy., Austin, Texas 78735"
South Austin Neighborhood Park,"1100 Cumberland Rd., Austin, Texas 78704"
South Austin Tennis Center,"1008 Cumberland Rd., Austin, Texas 78704"
Gaines Creek Neighborhood Park,"4801 Republic of Texas Blvd., Austin, Texas 78735"
Haskell House,"1705 Waterston St., Austin, Texas 78703"
Bolm Road District Park,"6700 Bolm Rd., Austin, Texas 78725"
Harris Branch Neighborhood Park,"11200 Farmhaven Rd., Austin, Texas 78754"
South Boggy Creek Greenbelt,"7701 Circle S Rd., Austin, Texas 78745"
West Bouldin Creek Greenbelt,"1200 S 6th St., Austin, Texas 78704"
East Boggy Creek Greenbelt,"5609 Stuart Cir., Austin, Texas 78721"
Brushy Creek Greenbelt,"16533 Along Creek Cv. Austin, Texas 78717"
Barton Creek Greenbelt,"3753 S Capital of Texas Hwy., Austin, Texas 78746"
Crestland Triangle,"715 W Crestland Dr., Austin, Texas 78752"
Lower Bull Creek Greenbelt,"7806 N Capital of Texas Hwy., Austin, Texas 78731"
Parque Zaragoza Neighborhood Park,"2608 Gonzales St., Austin, Texas 78702"
Lamar Senior Activity Center,"2874 Shoal Crest Ave., Austin, Texas 78705"
Colorado/Walnut Greenbelt,"8001 Delwau Ln., Austin, Texas 78725"
J.J. Seabrook Greenbelt,"2000 Pershing Dr., Austin, Texas 78723"
Shipe Neighborhood Park,"4400 Avenue G, Austin, Texas 78751"
Andrews School Park,"2400 Lehigh Dr., Austin, Texas 78723"
Cook School Park,"1505 Cripple Creek Dr., Austin, Texas 78758"
Meadowview Triangle,"414 W Crestland Dr., Austin, Texas 78752"
Reed Neighborhood Park,"2614 Pecos St., Austin, Texas 78703"
Blunn Creek Nature Preserve,"1200 St. Edwards Dr., Austin, Texas 78704"
Austin Memorial Park Cemetery,"3000 Hancock Dr., Austin, Texas 78731"
Oakwood Cemetery,"1012 E 16th St., Austin, Texas 78702"
Knollwood Neighborhood Park,"7503 Shelton Rd., Austin, Texas 78725"
Lewis Mountain Ranch Neighborhood Park,"8206 Lewis Mountain Dr., Austin, Texas 78737"
Oertli Neighborhood Park,"12613 Blaine Rd., Austin, Texas 78753"
Springfield Neighborhood Park,"6604 E William Cannon Dr., Austin, Texas 78744"
Springwoods Neighborhood Park,"9117 Anderson Mill Rd., Austin, Texas 78729"
South Austin Senior Activity Center,"3911 Manchaca Rd., Austin, Texas 78704"
Zilker Metro Park,"2100 Barton Springs Rd., Austin, Texas 78746"
Waller Creek Greenbelt,"703 E 6th St., Austin, Texas 78701"
Williamson Creek West Greenbelt,"6310 Brush Country Rd., Austin, Texas 78749"
Longhorn Shores at Town Lake Metro Park,"60 S Pleasant Valley Rd., Austin, Texas 78741"
Ricky Guerrero Pocket Park,"2006 S 6th St., Austin, Texas 78704"
Stoney Ridge Neighborhood Park,"7000 Moores Crossing Blvd., Austin, Texas 78617"
Kennemer Pool,"1031 Payton Gin Rd., Austin, Texas 78758"
Archstone Greenbelt,"4308 Staggerbrush Rd., Austin, Texas 78749"
Eilers (Deep Eddy) Neighborhood Park,"401 Deep Eddy Ave., Austin, Texas 78703"
"Evergreen Cemetery
","3300 E 12th St., Austin, Texas 78721"
Dottie Jordan Neighborhood Park,"2803 Loyola Ln., Austin, Texas 78723"
Meadows at Trinity Crossing Neighborhood Park,"5900 Sendero Hills Pkwy., Austin, Texas 78724"
Quail Creek Neighborhood Park,"1101 Mearns Meadow Dr., Austin, Texas 78758"
Caldwell Treaty Oak Park,"507 Baylor St., Austin, Texas 78703"
Eastwoods Neighborhood Park,"3001 Harris Park Ave., Austin, Texas 78705"
Central Maintenance Complex at Town Lake Metro Park,"2525 S Lakeshore Blvd., Austin, Texas 78741"
Conley-Guerrero Senior Activity Center,"808 Nile St., Austin, Texas 78702"
Convict Hill Quarry Neighborhood Park,"6511 Convict Hill Rd., Austin, Texas 78749"
Buttermilk Neighborhood Park,"7500 Blessing Ave., Austin, Texas 78752"
Big Stacy Neighborhood Park,"700 E Live Oak St., Austin, Texas 78704"
Kendra Page Neighborhood Park,"2203 Blue Meadow Dr., Austin, Texas 78744"
Pillow School Park,"8500 Rockwood Ln., Austin, Texas 78757"
Plummers Cemetery,"1150 Blk of Springdale Rd., Austin, Texas 78721"
Wooldridge School Park,"1410 Norseman Ter., Austin, Texas 78758"
Austin's Colony Neighborhood Park,"14501 Lippincott St. Austin, Texas 78725"
Mary Moore Searight Metro Park,"907 W Slaughter Ln., Austin, Texas 78748"
Piney Bend Neighborhood Park,"8601 Piney Creek Bnd., Austin, Texas 78745"
St. Edwards Greenbelt,"7301 Spicewood Springs Rd., Austin, Texas 78750"
Beverly S. Sheffield Northwest District Park,"7000 Ardath St., Austin, Texas 78757"
"Gustavo ""Gus"" L. Garcia District Park","1201 E Rundberg Ln., Austin, Texas 78753"
Hall/Goodnight Planting Strip,"6305 Hall St., Austin, Texas 78757"
Murchison Pool,"7022 Hart Ln., Austin, Texas 78731"
Oakview Neighborhood Park,"10902 Oak View Dr., Austin, Texas 78759"
Rosewood Neighborhood Park,"2300 Rosewood Ave., Austin, Texas 78702"
Wells Creek Greenbelt,"13120 Metric Blvd., Austin, Texas 78727"
Tarrytown Neighborhood Park,"2106 Tower Dr., Austin, Texas 78703"
Barrow Nature Preserve,"7515 Step Down Cv., Austin, Texas 78731"
Battle Bend Neighborhood Park,"121 Sheraton Ave., Austin, Texas 78745"
Davis/White Northeast Neighborhood Park,"6705 Crystalbrook Dr., Austin, Texas 78724"
Harris Triangle,"2409 Windsor Rd., Ausin, Texas 78703"
Mabel Davis District Park,"3427 Parker Ln., Austin, Texas 78741"
Ortega School Park,"5308 Chico St., Austin, Texas 78721"
Wooldridge Square,"900 Guadalupe St., Austin, Texas 78701"
Butler Metro Park,"1000 Barton Springs Rd. Austin, Texas 78704"
Canyon Vista Pool,"8455 Spicewood Springs Rd., Austin, Texas 78750"
Joslin Neighborhood Park,"2106 Cimaron Trl., Austin, Texas 78745"
Little Walnut Creek District Park,"5100 E 51st St., Austin, Texas 78723"
Longview Neighborhood Park,"7609 Longview Rd., Austin, Texas 78745"
Yett Creek Neighborhood Park,"12538 Riata Vista Cir., Austin, Texas 78727"
Gillis Neighborhood Park,"2410 Durwood Ave., Austin, Texas 78704"
Sanchez School Park,"64 Waller St., Austin, Texas 78702"
Slaughter Creek at Twin Oaks Greenbelt,"10520 S 1st St., Austin, Texas 78748"
Vic Mathias Shores at Town Lake Metro Park,"700 W Riverside Dr., Austin, Texas 78704"
Blunn Creek Greenbelt,"1901 East Side Dr., Austin, Texas 78704"
Umlauf Sculpture Garden,"605 Robert E Lee Rd., Austin, Texas 78704"
Walsh Boat Landing,"1600 Scenic Dr., Austin, Texas 78703"
Buttermilk Branch Greenbelt,"7501 Bethune Ave., Austin, Texas, 78752"
Pecan Springs School Park,"3312 Rogge Ln., Austin, Texas 78723"
South Austin Island,"2205 S Congress Ave., Austin, Texas 78704"
West Austin Neighborhood Park,"1317 W 10th St., Austin, Texas 78703"
Walter E. Long Metro Park,"6620 Blue Bluff Rd., Austin, Texas 78724"
Payton Gin Pocket Park,"801 Payton Gin Rd., Austin, Texas 78758"
Walnut Creek Greenbelt,"2611 Park Bend Rd., Austin, Texas 78758"
Astor Place Pocket Park,"1716 Astor Pl., Austin, Texas 78721"
Givens District Park,"3811 E 12th St., Austin, Texas 78721"
Govalle Neighborhood Park,"5200 Bolm Rd., Austin, Texas 78721"
Onion Creek Greenbelt,"7004 Onion Creek Dr., Austin, Texas 78744"
Oakwood Annex Cemetery,"1509 E MLK Jr Blvd., Austin, Texas 78702"
Cunningham School Park,"6213 Buffalo Pass, Austin, Texas 78745"
Republic Square,"422 Guadalupe St., Austin, Texas 78701"
Sir Swante Palm Neighborhood Park,"200 N IH 35 Svrd SB, Austin, Texas 78701"
Swede Hill Pocket Park,"907 E 14th St., Austin, Texas 78702"
Circle C Ranch Metro Park,"6301 W Slaughter Ln., Austin, Texas 78739"
Margaret Hoffman Oak Park,"315 W Cesar Chavez St., Austin, Texas 78701"
Wooten Neighborhood Park,"1500 Dale Dr., Austin, Texas 78757"
Barton Hills School Park,"2009 Homedale Dr., Austin, Texas 78704"
Dry Creek Greenbelt,"6100 Constellation Cir., Austn, Texas 78617"
Sparky Pocket Park,"3701 Grooms St., Austin, Texas 78705"
Triangle Commons Neighborhood Park,"722 W 46th St., Austin, Texas 78751"
Williamson Creek Central Greenbelt,"5120 S 1st St., Austin, Texas 78745"
Patterson Neighborhood Park,"4200 Brookview Rd., Austin, Texas 78722"
Lakeline Neighborhood Park,"2701 S Lakeline Blvd., Austin, Texas 78613"
Montopolis Neighborhood Park,"1200 Montopolis Dr., Austin, Texas 78741"
Springbrook Driving Range,"1800 Picadilly Rd., Pflugerville, Texas 78664"
Waterloo Neighborhood Park,"500 E 12th St., Austin, Texas 78701"
Tannehill Creek Greenbelt,"2403 E 51st St., Austin, Texas 78723"
Veterans Pocket Park,"2200 Veterans Dr., Austin, Texas 78703"
Walnut Creek Sports Park,"7800 Johnny Morris Rd., Austin, Texas 78724"
Gullett School Park,"3105 Hunt Trl., Austin, Texas 78757"
Old Moore's Crossing Neighborhood Park,"7420 Apperson St., Austin, Texas 78617"
Old San Antonio Greenbelt,"11705 Old San Antonio Rd., Austin, Texas 78748"
Oswaldo A.B. Cantu/Pan-American Recreation Center,"307 Chicon St., Austin, Texas 78702"
Roy Kizer Golf Course,"5400 Jimmy Clay Dr., Austin, Texas 78744"
Upper Bull Creek Greenbelt,"7800 Spicewood Springs Rd., Austin, Texas 78759"
Peace Point at Town Lake Metro Park,"2200 S Lakeshore Blvd., Austin, Texas 78741"
Reilly School Park,"6001 Guadalupe St., Austin, Texas 78752"
Great Hills Neighborhood Park,"10801 Sierra Oaks, Austin, Texas 78759"
T.A. Brown School Park,"520 Northway Dr., Austin, Texas 78752"
Elizabet Ney Museum,"304 E 44th St., Austin, Texas 78751"
Indiangrass Wildlife Sanctuary,"10203 Lindell Ln., Austin, Texas 78724"
Mary Frances Baylor Clarksville Pocket Park,"1811 W 11th St., Austin, Texas 78703"
Balcones District Park,"12017 Amherst Dr., Austin, Texas 78759"
Little Zilker Neighborhood Park,"2016 Bluebonnet Ln., Austin, Texas 78704"
Zilker Nature Preserve,"301 Nature Center Dr., Austin, Texas 78746"
Duncan Neighborhood Park,"900 W 9th St., Austin, Texas 78701"
Alamo Pocket Park,"2100 Alamo St., Austin, Texas  78722"
John Trevino Jr. Metro Park at Morrison Ranch,"9501 FM 969 Rd., Austin, Texas 78725"
North Cat Mountain Greenbelt,"6801 Cat Creek Trl., Austin, Texas 78731"
Silk Oak Neighborhood Park,"3204 Silk Oak Dr., Austin, Texas 78748"
Austin High Tennis Center,"1717 W Cesar Chavez St., Austin, Texas 78703"
Davis Hill Neighborhood Park,"3402 Davis Ln., Austin, Texas 78745"
Elroy Neighborhood Park,"7527 Elroy Rd., Austin, Texas 78617"
Grey Rock Golf Course,"7401 SH 45 EB, Austin, Texas 78739"
Hancock Golf Course,"811 E 41st St., Austin, Texas 78751"
Stephenson Nature Preserve & Outdoor Education Center,"7501 Longview Rd., Austin, Texas 78745"
Earl J. Pomerleau Pocket Park,"1906 Patton Ln., Austin, Texas 78723"
Blowing Sink Research Management Area,"3705 Deer Ln., Austin, Texas, 78749"
Alderbrook Pocket Park,"12444 Lamplight Village Ave., Austin, Texas 78758"
Bailey Neighborhood Park,"1101 W 33rd St., Austin, Texas 78705"
Copperfield Neighborhood Park,"1425 E Yager Ln., Austin, Texas 78753"
Dittmar District Park,"1009 W Dittmar Rd., Austin, Texas 78748"
Lakeshore at Town Lake Metro Park,"2200 S Lakeshore Blvd., Austin, Texas 78741"
Gracywoods Neighborhood Park,"12133 Metric Blvd., Austin, Texas 78758"
Old Bakery,"1006 Congress Ave., Austin, Texas 78701"
Maggie Boatright Area of the Bull Creek Greenbelt,"6958 Spicewood Springs Rd., Austin, Texas 78759"
Hill School Park,"8405 Tallwood Dr., Austin, Texas 78759"
Lamar Beach at Town Lake Metro Park,"1200 W Cesar Chavez St., Austin, Texas 78703"
Norman School Park,"3901 Tannehill Ln., Austin, Texas 78721"
North Austin Recreation Center/YMCA,"1000 W Rundberg Ln., Austin, Texas 78758"
Symphony Square,"1101 Red River St., Austin, Texas 78701"
Stillhouse Hollow Nature Preserve,"7810 Sterling Dr., Austin, Texas 78731"
Blunn Creek Pocket Park,"1405 Kenwood Ave., Austin, Texas 78704"
Kealing School Park,"1500 Rosewood Ave., Austin, Texas 78702"
Marble Creek Greenbelt,"6605 E William Cannon Dr., Austin, Texas 78744"
Riata Neighborhood Park,"12401 Riata Trace Pkwy., Austin, Texas 78727"
Ellen Higgins Pocket Park,"2711 Cameron Loop, Austin, Texas 78745"
North Acres Neighborhood Park,"1112 Hermitage Dr., Austin, Texas 78753"
Nuckols Crossing of Slaughter Creek Greenbelt,"400 Angel Oak St., Austin, Texas 78748"
Shoal Creek Greenbelt,"2600 N Lamar Blvd., Austin, Texas 78705"
Bull Creek District Park,"6701 Lakewood Dr., Austin, Texas 78731"
Franklin Neighborhood Park,"4800 Copperbend Blvd., Austin, Texas 78744 "
Hielscher Tract Greenbelt,"6801 La Crosse Ave., Austin, Texas 78739"
Mary Dawson Pocket Park,"650 Dawson Rd., Austin, Texas 78704"
Ramsey Neighborhood Park,"4301 Rosedale Ave., Austin, Texas 78756"
Garrison District Park,"6001 Manchaca Rd., Austin, Texas 78745"
Ponciana Neighborhood Park,"5201 Freidrich Ln., Austin, Texas 78744"
Seider Springs Greenbelt,"1380 W 34th St., Austin, Texas 78731"
Gaines Park,"3918 S Mopac Expy Svrd., Austin, Texas 78746"
Onion Creek Metro Park,"8652 Nuckols Crossing Rd., Austin, Texas 78744"
Williamson Creek East Greenbelt,"4618 E William Cannon Dr., Austin, Texas 78744"
Gregg Hill Pocket Park,"4105 Jefferson St., Austin, Texas 78731"
East Bouldin Creek Greenbelt,"901 Bouldin Ave., Austin, Texas 78704"
Gaines Greenbelt,"4800 S Mopac Expy., Austin, Texas 78735"
Doss School Park,"7013 Northledge Dr., Austin, Texas 78731"
North Star Greenbelt,"11701 Tallow Field Way, Austin, Texas 78758"
Oak Springs School Park,"2806 Goodwin Ave., Austin, Texas 78702"
Auditorium Shores at Town Lake Metro Park,"800 W Riverside Dr., Austin, Texas 78704"
Commons Ford Ranch Metro Park,"614 N Commons Ford Rd., Austin, Texas 78733"
Country Club Creek Greenbelt,"3109 Burleson Rd., Austin, Texas 78741"
Hartford Planting Strip,"2516 Hartford Rd., Austin, Texas 78703"
Hubert C. Schroeter Neighborhood Park,"11701 Big Trl., Austin, Texas 78759"
Manuel and Robert Donley Pocket Park,"2301 Haskell St., Austin, Texas 78702"
Norwood Tract at Town Lake Metro Park,"1009 Edgecliff Ter., Austin, Texas 78704"
Red Bud Isle,"3401 Red Bud Trl., Austin, Texas 78746"
Ryan Planting Strip,"6900 Ryan Dr., Austin, Texas 78757"
Tanglewood Neighborhood Park,"11409 Rustic Rock Rd., Austin, Texas 78750"
Cherrywood Pocket Park,"1600 E 34th St., Austin, Texas 78722"
Mayfield Nature Preserve,"3801 W 35th St., Austin, Texas 78703"
Highland Neighborhood Park,"403 W St Johns Ave., Austin, Texas 78752"
Adams-Hemphill Neighborhood Park,"201 W 30th St., Austin, Texas  78705"
Latta Branch Greenbelt,"7910 Beckett Rd., Austin, Texas 78749"
Downs Mabson Fields,"2816 E 12th St., Austin, Texas 78702"
Southland Oaks Neighborhood Park,"3505 Green Emerald Ter., Austin, Texas 78739"
North Oaks Neighbohood Park,"820 Plaza Dr., Austin, Texas 78753"
Schieffer Tract,"3404 Hycreek Dr., Austin, Texas 78723"
Sendera Mesa Neighborhood Park,"4717 Davis Ln., Austin, Texas 78749"
Trailhead Neighborhood Park,"10984 Boulder Ln., Austin, Texas 78726"
Janet Long Fish Park,"13840 Dessau Rd., Austin, Texas 78660"
Brush Square Triangle,"4621 Lake Vw., Austin, Texas 78731"
Decker Tallgrass Prairie Preserve,"8001 Decker Ln., Austin, Texas 78724"
Edward Rendon Sr. Metro Park at Festival Beach,"2101 Jesse E Segovia St., Austin, Texas 78702"
Onion Creek Soccer Complex,"5600 E William Cannon Dr., Austin, Texas 78744"
Williams School Park,"605 Blue Valley Dr., Austin, Texas 78748"
Wunneburger Park,"11901 Old San Antonio Rd., Austin, Texas 78652"
Brentwood Neighborhood Park,"6710 Arroyo Seco, Austin, Texas 78757"
Armadillo Neighborhood Park,"910 Armadillo Rd., Austin, Texas 78745"
Chestnut Pocket Park,"2207 E 16th St., Austin, Texas 78702"
Covert Park at Mount Bonnell,"3800 Mount Bonnell Rd., Austin, Texas 78731"
Palma Plaza Triangle Pocket Park,"1524 Palma Plz., Austin, Texas 78703"
Pease District Park,"1100 Kingsbury St., Austin, Texas  78703"
Steck Valley Greenbelt,"8403 Adirondack Trl., Austin, Texas 78759"
Montopolis Practice Fields,"901 Vasquez St., Austin, Texas 78741"
Morris Williams Golf Course,"3851 Manor Rd., Austin, Texas 78723"
Northwest Recreation Center,"2913 Northland Dr., Austin, Texas 78731"
The Circle ROW Greenbelt,"1300 The Circle, Austin, Texas 78704"
Bauerle Ranch Park,"2715 Lynnbrook Dr., Austin, Texas 78748"
Barton Creek Wilderness Park,"3918 S Mopac Expy Svrd SB, Austin, Texas 78746"
George Washington Carver Museum,"1161 Angelina St., Austin, Texas 78702"
Goat Cave Karst Nature Preserve,"3900 Deer Ln., Austin, Texas 78749"
Northwest Balcones Neighborhood Park,"10225 Talleyran Dr., Austin, Texas 78750"
Scofield Farms Neighborhood Park,"12901 Scofield Farms Dr., Austin, Texas 78727"
Westcreek Pocket Park,"6044 Westcreek Dr., Austin, Texas 78749 "
